trackingNumber,lat,lng,status,createdAt,updatedAt
21c3f383-2b91-46dd-934a-59211a5ae455,51.341712,12.369015,in_transit,2026-03-07T15:28:28.680Z,2026-03-09T11:28:28.680Z
e50b7a15-e1c3-4032-9c9d-95e4f6df552e,51.966947,7.632520,pending,2026-01-09T03:58:54.997Z,2026-01-11T01:58:54.997Z
6a688ca3-2adc-40b6-92bd-010396f1c491,51.954697,7.606289,in_transit,2026-01-20T12:24:11.138Z,2026-01-23T00:24:11.138Z
fd37ca01-416a-416a-b26a-b13ed5eab79c,51.417049,6.771514,in_transit,2026-02-14T04:02:02.266Z,2026-02-15T13:02:02.266Z
ca9b935d-5664-4e93-b1a4-8b4964a64d8e,51.448684,6.770420,in_transit,2026-03-22T14:27:00.742Z,2026-03-24T11:27:00.742Z
8d16e748-55b5-45e5-b301-520888441268,50.727802,7.095950,in_transit,2026-01-18T03:06:18.414Z,2026-01-20T22:06:18.414Z
d200d099-f7d6-4a15-aa20-0abd00e51d6f,52.399784,9.716010,pending,2026-03-16T06:19:46.543Z,2026-03-18T15:19:46.543Z
7e4e0be1-53d7-4d62-8fa8-918ff1e39c38,51.257156,7.146265,in_transit,2026-04-16T06:57:07.327Z,2026-04-17T15:57:07.327Z
b22208d2-2f66-496f-ba3b-a09f106e7ce7,52.028467,8.518041,delivered,2026-02-07T16:38:45.094Z,2026-02-09T14:38:45.094Z
23bbe83e-f7bd-4a75-bdfc-025650736201,53.566259,9.976866,pending,2026-04-16T00:05:46.185Z,2026-04-18T07:05:46.185Z
69d2b7b5-a695-4e71-966d-21a660b0bbd6,52.379538,9.720633,in_transit,2026-03-15T16:43:38.044Z,2026-03-16T02:43:38.044Z
f7d9c328-ed10-4ce1-bf73-e501b95c96c8,50.734263,7.087749,cancelled,2026-03-09T08:06:10.223Z,2026-03-12T05:06:10.223Z
28e93993-3359-4112-b84c-da49d5dc3c04,49.022409,8.389746,pending,2026-02-08T14:50:52.730Z,2026-02-09T09:50:52.730Z
54246d27-6bc6-4e09-afe8-f641c3ac1651,48.121075,11.582789,cancelled,2026-03-20T20:26:03.418Z,2026-03-21T09:26:03.418Z
c2fd8b41-a8da-4efe-a077-e405f7cc98ab,49.031242,8.392747,delivered,2026-03-11T20:19:56.312Z,2026-03-13T06:19:56.312Z
86ec5019-d7af-49af-bbfb-843677e6fa08,52.521746,13.423814,in_transit,2026-04-10T05:55:54.021Z,2026-04-11T15:55:54.021Z
ed98b9b8-646b-4ae5-8ff5-5b44d9fc2641,48.366043,10.893321,in_transit,2026-02-20T17:01:01.781Z,2026-02-21T15:01:01.781Z
50bc7630-79bb-478e-8864-9919e57b4f5b,51.254204,7.128943,cancelled,2026-03-29T10:04:35.395Z,2026-03-30T14:04:35.395Z
3e0061ac-2489-4ead-a780-448ab2cfb0e7,52.497237,13.414629,delivered,2026-04-29T22:48:46.416Z,2026-05-01T11:48:46.416Z
e163e389-05fb-4682-9266-870a79d6feea,50.061431,8.256612,pending,2026-01-13T16:46:27.684Z,2026-01-14T21:46:27.684Z
e7ef5675-0731-4979-a08d-ac619d020088,51.457496,6.778174,pending,2026-01-22T04:40:36.964Z,2026-01-22T10:40:36.964Z
f508b6a0-8a83-489d-8e53-573547ae96ce,51.964125,7.607150,pending,2026-01-30T18:27:13.197Z,2026-02-02T13:27:13.197Z
42dcee99-d408-42c4-9e82-acb20d688e03,50.076374,8.219535,cancelled,2026-01-12T16:11:48.805Z,2026-01-12T18:11:48.805Z
b3aab1db-0409-4789-b17b-a1a4bf31f1aa,48.371212,10.895318,pending,2026-01-11T17:26:16.164Z,2026-01-12T11:26:16.164Z
7297f4c2-9f3b-496e-85c2-e150daafc012,49.488294,8.498059,cancelled,2026-04-06T00:54:56.170Z,2026-04-08T04:54:56.170Z
7cf35ac9-40f6-4f43-88a4-44aacaa85a77,49.453707,11.065722,cancelled,2026-03-10T02:12:29.293Z,2026-03-11T20:12:29.293Z
2f4e0c39-403b-4ab2-95b6-3585215aa57d,48.991524,8.419077,in_transit,2026-03-02T03:42:53.802Z,2026-03-03T23:42:53.802Z
3c5f561d-c543-47d9-86e3-442c2b0d3c2f,48.150921,11.589570,delivered,2026-01-12T08:50:32.565Z,2026-01-15T03:50:32.565Z
b907d6b9-ff63-4825-bab9-c7e5ba639df0,53.084925,8.776711,delivered,2026-03-09T21:54:17.245Z,2026-03-12T10:54:17.245Z
9f247528-75dd-42fa-8535-b6cc3472ecf8,51.946958,7.616857,delivered,2026-04-18T14:40:50.294Z,2026-04-19T23:40:50.294Z
b8683635-8af6-4508-9f0b-447e7086631b,50.728711,7.112584,in_transit,2026-03-06T07:59:52.490Z,2026-03-08T19:59:52.490Z
11927f18-90b1-428c-aeb3-4e84572ed4ff,51.452724,6.737604,pending,2026-01-16T15:12:52.720Z,2026-01-18T19:12:52.720Z
ea980d14-489c-417c-9260-d0edb5d2848a,52.362135,9.736522,in_transit,2026-04-27T01:22:31.045Z,2026-04-28T17:22:31.045Z
d9de8451-569c-493d-ab7a-339e0c41d1b9,48.389271,10.911937,pending,2026-04-01T14:47:42.291Z,2026-04-03T06:47:42.291Z
687a16be-1d71-4640-988c-ad4d021ecbe7,51.414062,6.743124,delivered,2026-03-10T01:16:02.867Z,2026-03-11T14:16:02.867Z
f1e03814-9b32-4ae1-8a91-0298e56b2636,51.223526,6.757792,pending,2026-02-19T04:00:30.836Z,2026-02-20T07:00:30.836Z
8ba1a30f-2237-4cac-9ec4-800fd2f1bcf7,48.991568,8.380216,in_transit,2026-01-05T17:59:21.330Z,2026-01-05T19:59:21.330Z
70ecf028-2724-4d6e-9713-025d143396cd,51.070024,13.739917,pending,2026-01-10T00:14:29.568Z,2026-01-10T13:14:29.568Z
51e0c79b-a623-42e7-a6a4-78310229cdde,51.224495,6.762847,pending,2026-04-06T12:05:20.473Z,2026-04-06T20:05:20.473Z
74ac2afd-2a53-40e8-9b7f-2fde450459d8,48.768042,9.192546,pending,2026-03-24T05:57:07.339Z,2026-03-24T19:57:07.339Z
261f483b-510f-4f8d-a8f1-6a8206579427,49.427874,11.054847,cancelled,2026-04-07T22:10:03.912Z,2026-04-09T15:10:03.912Z
762d6a1a-3757-4284-a42c-97edd4c6facc,49.494604,8.482735,pending,2026-03-17T21:11:06.468Z,2026-03-18T10:11:06.468Z
57e32057-fe2e-4115-a5cb-b62cabd62dcd,49.473982,8.455848,in_transit,2026-02-27T11:15:17.652Z,2026-02-27T22:15:17.652Z
b118627a-4739-4f7f-a3e6-890cd67cb452,49.456217,11.092923,delivered,2026-04-18T23:58:38.662Z,2026-04-20T06:58:38.662Z
d5fca046-2da6-4633-9d59-d0c69c839086,52.359558,9.722331,cancelled,2026-02-18T03:46:02.359Z,2026-02-18T10:46:02.359Z
ac2ea67e-a6e3-4d75-9f88-e9047659e796,52.370882,9.717012,delivered,2026-02-19T11:49:05.636Z,2026-02-19T19:49:05.636Z
3a44d230-5f94-43b6-a371-758d86cbfdf6,48.798581,9.202486,in_transit,2026-03-16T11:16:41.097Z,2026-03-17T22:16:41.097Z
5c6a0249-a5c8-4836-89ac-3e041cfbe254,51.498580,7.457127,cancelled,2026-04-02T21:53:37.461Z,2026-04-04T08:53:37.461Z
ad011da3-c2ae-47cc-83a9-f7840da4a73e,49.497877,8.455983,cancelled,2026-04-20T03:42:12.569Z,2026-04-21T11:42:12.569Z
49c22c9e-3dd6-439c-8c3a-af60aace8cbe,52.029816,8.558958,delivered,2026-04-08T07:00:10.501Z,2026-04-10T08:00:10.501Z
16ffe84d-2897-44da-8a64-f6c6c095fa71,50.771369,6.071808,delivered,2026-04-07T04:45:21.510Z,2026-04-08T12:45:21.510Z
0eec00fa-b863-4a19-ac71-86b229f66b4a,51.478751,7.210495,in_transit,2026-02-22T07:34:12.663Z,2026-02-25T02:34:12.663Z
a547a213-9a89-4861-9623-e3a1486d3f1a,51.449959,6.996972,pending,2026-02-14T10:56:09.792Z,2026-02-15T07:56:09.792Z
187073d4-ac14-4a5f-bdbe-13f2d73c0d1d,51.458990,6.739439,in_transit,2026-02-28T16:30:53.914Z,2026-02-28T17:30:53.914Z
1194d202-cb8c-42f5-9404-d7dff733f145,51.439435,7.027056,cancelled,2026-03-14T08:12:27.545Z,2026-03-17T00:12:27.545Z
af7063bd-ebcc-4a27-a93b-a9556a2a5a64,52.380462,9.747419,cancelled,2026-03-13T19:30:00.188Z,2026-03-15T18:30:00.188Z
8403b815-04fb-4ebb-bcdc-736f3063d97b,50.115268,8.681643,cancelled,2026-04-16T00:05:34.819Z,2026-04-18T00:05:34.819Z
8167dcdd-31b8-4dd4-9d14-d343a65ca7b2,51.239439,6.754600,pending,2026-02-24T16:09:08.431Z,2026-02-26T01:09:08.431Z
b3c66432-2b7d-4c03-a2e6-f3765912b383,50.734645,7.078131,cancelled,2026-04-26T08:46:17.293Z,2026-04-27T06:46:17.293Z
1ee4afd1-6901-4ec9-af80-0fd45cb99430,50.082564,8.221123,cancelled,2026-03-25T23:27:21.751Z,2026-03-27T15:27:21.751Z
f499a7c8-9338-43dd-bf0d-9fc2f774c58d,50.744999,7.105333,pending,2026-01-10T15:28:01.512Z,2026-01-12T20:28:01.512Z
8e75bc83-8335-4013-b012-d6154bc61241,52.542349,13.383398,pending,2026-02-14T03:50:14.586Z,2026-02-14T07:50:14.586Z
c0998fa8-bfd4-46f9-8e7c-d9fec85e4de6,51.488609,7.448317,cancelled,2026-01-16T03:02:27.494Z,2026-01-18T09:02:27.494Z
cad397f6-5f25-400a-b0c6-247f3475cdbd,50.060368,8.255169,in_transit,2026-03-10T05:02:33.721Z,2026-03-10T07:02:33.721Z
f4b2246c-b0bc-4ae6-9a6d-1e32582c2543,50.743805,7.124341,delivered,2026-02-20T09:29:52.420Z,2026-02-21T00:29:52.420Z
939d9b3d-44e5-4578-ae52-f2dd08a10130,52.400733,9.709887,in_transit,2026-03-17T06:19:15.084Z,2026-03-17T09:19:15.084Z
1e50c023-682a-498d-8300-fe583799b6e5,49.465123,11.054679,cancelled,2026-02-28T14:39:55.801Z,2026-03-02T16:39:55.801Z
46d5d455-b609-4174-a2c1-1e584c958429,50.127371,8.684118,cancelled,2026-01-19T04:37:48.882Z,2026-01-20T01:37:48.882Z
3957c499-396f-4dd6-b89c-7125cddab267,51.970298,7.622242,cancelled,2026-04-27T05:47:32.675Z,2026-04-29T02:47:32.675Z
d9fb1f74-14b5-4f90-9a96-2c601fa99e11,52.024608,8.531549,pending,2026-01-21T20:48:38.506Z,2026-01-22T21:48:38.506Z
911e46e8-0249-4163-bfee-9291ec7d4f02,52.028777,8.510272,in_transit,2026-04-14T08:16:50.664Z,2026-04-17T07:16:50.664Z
a3592ef3-c146-4969-bcdf-27008960f3c6,51.520932,7.484354,delivered,2026-01-24T12:15:11.046Z,2026-01-26T02:15:11.046Z
5f814274-a1e2-4ad3-9787-19eef6779fbf,51.499750,7.200197,cancelled,2026-02-08T19:50:57.601Z,2026-02-09T01:50:57.601Z
5e88b331-bf01-4004-abb0-31a283833c7d,51.483161,7.240584,cancelled,2026-03-31T20:40:24.356Z,2026-04-01T03:40:24.356Z
4819238c-4624-4148-985b-9246685ffdff,51.453975,6.771779,in_transit,2026-01-28T16:28:55.092Z,2026-01-30T06:28:55.092Z
8dfd4653-f09f-4763-a3f8-0d6268631deb,52.023423,8.547571,in_transit,2026-04-14T11:44:41.015Z,2026-04-15T23:44:41.015Z
5ff0afdb-90c1-441a-92b9-9186be7b68b0,51.496827,7.214059,pending,2026-04-17T06:50:15.773Z,2026-04-19T02:50:15.773Z
b6f255f4-d6c0-49b0-adf3-8dc9c46ce6ee,50.752936,6.085987,delivered,2026-03-14T10:52:00.649Z,2026-03-16T05:52:00.649Z
1280d276-0e67-4e2c-81c6-440a306011a0,51.318739,12.354625,in_transit,2026-04-17T14:55:31.498Z,2026-04-19T21:55:31.498Z
3d01ce75-d6f4-43e6-93cc-8a167ab39441,48.139287,11.568799,cancelled,2026-02-11T18:07:43.252Z,2026-02-14T17:07:43.252Z
b9a9cf37-a38f-48bd-a16d-9e2fb46fc052,50.098349,8.703141,pending,2026-03-28T09:22:39.654Z,2026-03-28T23:22:39.654Z
e58e6bf5-d3a0-470c-b7ab-a45350f09794,48.775984,9.164656,pending,2026-03-06T10:51:03.526Z,2026-03-06T23:51:03.526Z
ba5f76e7-395e-4b09-a5fe-70047eb05f28,51.052482,13.752509,in_transit,2026-03-19T01:07:00.315Z,2026-03-21T12:07:00.315Z
271a5822-7e9f-4e88-827c-517f770991e5,50.115233,8.664492,pending,2026-02-08T12:12:21.318Z,2026-02-09T12:12:21.318Z
8f6d9538-924c-4209-bf3b-36a710fe565c,51.335807,12.366118,cancelled,2026-04-28T04:05:24.598Z,2026-04-29T23:05:24.598Z
588d55f6-72e5-445b-9b39-8afcbafb39fe,49.461287,8.501564,in_transit,2026-03-11T17:26:04.646Z,2026-03-12T14:26:04.646Z
16a6faa2-5cc8-43bd-a028-c7e572566b4a,50.098324,8.228425,in_transit,2026-04-28T22:21:12.597Z,2026-05-01T17:21:12.597Z
e358de38-bdef-4bbc-9dfa-73795d213e51,53.101733,8.822438,pending,2026-03-12T03:16:12.743Z,2026-03-14T17:16:12.743Z
da85ea53-a63f-41b7-8fa3-a75c5f7a0693,49.001650,8.407764,delivered,2026-02-05T08:29:54.946Z,2026-02-05T16:29:54.946Z
f133cb0a-67fd-46c2-99b5-f2f6409578e3,52.362250,9.717231,cancelled,2026-01-08T20:37:57.955Z,2026-01-11T14:37:57.955Z
c38d579e-9d54-4ac7-b6ef-dcc06f513462,53.062560,8.810726,pending,2026-03-04T20:57:59.880Z,2026-03-05T00:57:59.880Z
097682d4-067e-4753-ada6-fd8db67a1da5,49.454699,11.085362,cancelled,2026-03-04T11:27:55.368Z,2026-03-06T08:27:55.368Z
2c418d96-4365-4d65-afb0-8cab4fd20c8f,52.502562,13.395368,in_transit,2026-04-24T10:11:18.038Z,2026-04-24T17:11:18.038Z
025a6416-d44a-40c2-9947-4a076f4860e3,52.519402,13.422333,cancelled,2026-04-25T21:01:03.860Z,2026-04-26T12:01:03.860Z
f84f9e12-a6b6-4c98-9eaa-c67a356af411,50.127243,8.700785,in_transit,2026-01-21T19:14:17.163Z,2026-01-24T01:14:17.163Z
d185de75-4b3c-427b-8301-a70419fa9409,50.060482,8.236364,cancelled,2026-04-26T02:43:07.497Z,2026-04-27T13:43:07.497Z
e38515af-e961-4245-8176-a74bfe6ea3fe,50.736434,7.102486,cancelled,2026-01-29T12:24:36.447Z,2026-01-30T19:24:36.447Z
5fdb0cf4-e9e8-40b9-a4b0-048c002f6645,51.335159,12.392578,cancelled,2026-01-30T01:54:02.783Z,2026-01-31T12:54:02.783Z
e30cee47-ec57-4742-9916-cd428bcd50f2,52.037791,8.553761,cancelled,2026-02-27T03:11:33.499Z,2026-02-28T03:11:33.499Z
930f3a05-0817-46d9-aec0-ce26f7cf974e,49.023451,8.391911,in_transit,2026-02-26T14:25:53.617Z,2026-02-28T10:25:53.617Z
866daa1e-4ff2-4dc0-b886-42177e795e08,50.069311,8.221425,cancelled,2026-01-24T14:51:50.115Z,2026-01-26T18:51:50.115Z
236ba513-e275-4b7e-96df-56752f410de5,50.091439,8.694134,pending,2026-04-24T19:30:58.885Z,2026-04-27T04:30:58.885Z
a6e3df2e-8b9f-40b2-9dcd-cee4277be664,51.966436,7.647975,pending,2026-04-02T21:03:27.591Z,2026-04-05T18:03:27.591Z
cfea69e8-f5dc-4fb2-8c6d-86eb02897631,50.134492,8.664721,in_transit,2026-02-14T02:49:40.710Z,2026-02-14T06:49:40.710Z
86588ee7-ff8e-4ffd-ba08-259a68242b92,53.056233,8.799768,cancelled,2026-02-19T22:10:46.730Z,2026-02-21T12:10:46.730Z
064404b8-f6b4-4744-8bae-d6f2ae18a1bf,51.360172,12.372511,pending,2026-01-09T05:43:37.452Z,2026-01-09T07:43:37.452Z
8ba114a8-69dc-467b-9232-9a8cdda7525e,53.056588,8.786290,delivered,2026-04-11T10:47:25.056Z,2026-04-13T14:47:25.056Z
45312243-78c0-45db-a3d2-324cc0998492,48.767629,9.164683,delivered,2026-04-13T19:58:07.389Z,2026-04-14T11:58:07.389Z
9f9a7292-91d0-49d6-b9b8-6661f7a6a909,50.089200,8.216526,cancelled,2026-03-13T08:12:45.664Z,2026-03-13T16:12:45.664Z
258491c6-7225-442a-9240-9d17a787a546,53.075892,8.796654,delivered,2026-01-09T23:16:30.716Z,2026-01-11T22:16:30.716Z
2520b23b-743e-4d23-9187-6e97e369c65f,51.942359,7.620882,in_transit,2026-03-27T19:46:53.365Z,2026-03-29T06:46:53.365Z
8a1faf6f-92e0-41aa-a184-25f0161028af,48.765744,9.169485,pending,2026-01-02T07:13:37.035Z,2026-01-04T21:13:37.035Z
13e3a278-86e0-4a64-87a8-f4c7a523b3c0,51.226550,6.752025,pending,2026-04-28T19:16:05.942Z,2026-04-29T00:16:05.942Z
fd57f487-3438-420a-8e7f-3cf22d2a570b,51.427776,6.777637,delivered,2026-03-01T23:06:36.095Z,2026-03-04T00:06:36.095Z
5645675e-ca74-43c4-b440-542bc8cfa86e,50.135037,8.666648,cancelled,2026-02-09T00:36:14.649Z,2026-02-09T08:36:14.649Z
1fec77ed-1935-4ec3-86a0-84a7d230a39d,49.009618,8.396556,cancelled,2026-01-21T10:16:46.609Z,2026-01-22T13:16:46.609Z
f1881006-e274-482c-a148-3a25590a05ef,53.540334,9.977869,cancelled,2026-04-10T04:49:42.673Z,2026-04-10T06:49:42.673Z
2272fe1d-26d3-4372-be3d-3074ecc4a98d,49.502549,8.464535,pending,2026-02-22T17:04:11.254Z,2026-02-22T22:04:11.254Z
4692acb2-3046-45c7-9a82-6a30f8ef96a4,52.512925,13.416900,cancelled,2026-03-19T12:43:49.766Z,2026-03-19T22:43:49.766Z
b3149cbc-a5d0-4de7-ab2e-c43bc42100b8,51.427468,6.785034,cancelled,2026-02-12T02:42:33.818Z,2026-02-14T10:42:33.818Z
587d6410-d66a-4155-a9bf-5cc83c7c741a,53.534554,10.006460,in_transit,2026-03-19T09:34:32.565Z,2026-03-20T23:34:32.565Z
a2c4cca7-c3d0-4112-9da6-20e52ce84eca,52.379250,9.715671,in_transit,2026-01-20T19:23:58.477Z,2026-01-22T08:23:58.477Z
ee99a82c-d121-4eb8-8fd7-c5173655a229,50.080517,8.217185,pending,2026-03-14T05:06:39.408Z,2026-03-16T02:06:39.408Z
318e5edc-007c-46e9-b1b6-3b3f9d34a04d,49.030119,8.427232,delivered,2026-04-20T01:54:18.899Z,2026-04-21T23:54:18.899Z
33fc33fa-819f-4684-980d-c4302081096e,50.760126,7.096095,pending,2026-02-03T16:04:18.398Z,2026-02-04T12:04:18.398Z
42608ef6-b3ca-4463-aa26-3de4f10f9d2c,53.074919,8.824559,delivered,2026-03-11T03:15:45.547Z,2026-03-13T07:15:45.547Z
d92b4903-4d8c-4575-8237-964821273974,51.411269,6.752969,cancelled,2026-04-15T02:29:58.071Z,2026-04-17T01:29:58.071Z
93da0ede-3e66-4511-9a41-38a5c8d600ba,52.540178,13.395868,cancelled,2026-02-16T01:50:05.674Z,2026-02-17T15:50:05.674Z
6f7421dd-8e15-4804-87c2-9a23ce6bfd96,51.235108,6.792427,pending,2026-03-25T19:28:44.211Z,2026-03-28T17:28:44.211Z
0b578a01-e627-43c6-bf06-2e0941a238fa,51.338615,12.385811,cancelled,2026-03-12T11:49:23.127Z,2026-03-13T03:49:23.127Z
64e0938e-0243-48cd-b17f-01632ab75d8f,53.074498,8.806100,pending,2026-02-24T06:46:12.998Z,2026-02-24T11:46:12.998Z
6172b2fd-7354-42f7-8fba-1e53c67d63c6,48.783079,9.203125,pending,2026-04-10T15:12:21.769Z,2026-04-12T21:12:21.769Z
a8b4f541-8163-413d-970b-8b767952701f,51.324668,12.372232,delivered,2026-02-26T20:54:15.387Z,2026-02-27T22:54:15.387Z
eced45ec-7a2c-4a32-bee5-291175d811a2,52.013292,8.552322,in_transit,2026-03-17T12:44:32.619Z,2026-03-18T02:44:32.619Z
ed163256-8d11-47c4-8aac-b167559c892f,48.143166,11.562251,delivered,2026-04-19T18:48:15.893Z,2026-04-21T15:48:15.893Z
0d4df1ac-c1a2-4aa0-9aa4-1ba4f4890323,52.004177,8.528807,pending,2026-03-15T22:22:31.933Z,2026-03-17T14:22:31.933Z
b31cc05d-6878-49c0-8927-d5c0333caefd,52.031658,8.551909,delivered,2026-01-24T00:55:01.817Z,2026-01-25T23:55:01.817Z
888cd883-dca6-4760-b639-f2b4150bd3ec,52.020319,8.517542,delivered,2026-03-24T22:31:16.711Z,2026-03-25T02:31:16.711Z
97980e71-9477-4d64-a3f7-d93dada42364,52.364022,9.724370,delivered,2026-01-29T01:14:38.503Z,2026-01-30T11:14:38.503Z
b3596373-9807-4bf6-8556-fb9b0e9ea245,51.049966,13.744279,pending,2026-02-03T19:58:52.849Z,2026-02-06T02:58:52.849Z
d7392206-822e-4100-ad39-2157726841cf,50.796384,6.071859,in_transit,2026-01-01T23:59:16.325Z,2026-01-02T21:59:16.325Z
9158566e-53ef-4bec-8a12-fe1fcab97258,51.479452,6.998671,cancelled,2026-01-14T19:28:39.736Z,2026-01-16T01:28:39.736Z
50ecd7eb-bfb4-411f-916d-3fae0efe61c9,51.220962,6.791526,cancelled,2026-02-07T17:21:40.511Z,2026-02-08T03:21:40.511Z
3cb1ef44-2578-49ab-915f-eb2c9834b078,53.537376,10.008681,in_transit,2026-01-25T21:02:53.880Z,2026-01-27T07:02:53.880Z
562cc386-bf12-4369-b889-9333f333a62c,48.784779,9.170787,pending,2026-04-27T09:29:21.943Z,2026-04-30T00:29:21.943Z
0c28eed2-9fb4-4eea-b03c-ea9924db1888,50.716991,7.109124,pending,2026-02-19T18:12:33.590Z,2026-02-21T16:12:33.590Z
631712fb-426d-4b91-ab6d-071028f25c68,50.777120,6.078931,in_transit,2026-02-08T10:58:17.597Z,2026-02-11T03:58:17.597Z
038fefaa-06c3-4078-8ce7-482178f858af,52.367117,9.737628,cancelled,2026-02-15T16:41:29.015Z,2026-02-15T19:41:29.015Z
a58b498c-30e3-4ebb-a2cb-b7ce6ff520e9,52.020310,8.534881,delivered,2026-02-03T05:27:35.183Z,2026-02-03T23:27:35.183Z
e57a3ec1-a639-46ec-9c52-8a890ac9441e,52.019950,8.546260,in_transit,2026-04-12T07:33:02.690Z,2026-04-14T21:33:02.690Z
96e90743-32e7-4b10-87ca-687d1fb06456,53.062461,8.779598,in_transit,2026-03-18T11:21:28.358Z,2026-03-20T21:21:28.358Z
9d51436b-2713-46d8-a80c-1664d9113176,52.534640,13.380543,pending,2026-01-17T07:34:52.196Z,2026-01-18T08:34:52.196Z
442eec7b-0eeb-41bf-95bd-b445f87063eb,52.543015,13.412626,cancelled,2026-02-15T23:42:05.290Z,2026-02-18T08:42:05.290Z
020ce289-fe59-4d65-aa09-a00d55992db5,51.472639,7.011050,pending,2026-02-18T14:17:19.444Z,2026-02-20T03:17:19.444Z
f6108c30-9e0c-4175-adbc-96b9475f1051,51.525584,7.477549,cancelled,2026-01-04T11:25:54.036Z,2026-01-06T18:25:54.036Z
17efb05f-fbf1-402e-a7b7-f5ae5946ae81,52.502014,13.425811,delivered,2026-02-03T08:51:15.771Z,2026-02-03T14:51:15.771Z
dfd7d9d5-b3f6-4aa4-9828-02659b358cb3,49.460986,8.490616,delivered,2026-04-03T13:26:41.769Z,2026-04-04T15:26:41.769Z
9b0e2d12-24d9-4182-8b77-14e9ab8d0b3b,52.508569,13.421859,delivered,2026-01-31T13:28:06.861Z,2026-02-01T09:28:06.861Z
e3241c1c-d951-4c55-b7cb-32e36a872aa4,50.725335,7.104322,pending,2026-03-29T00:15:00.429Z,2026-03-30T15:15:00.429Z
5f2c0ce2-8b3c-41b8-bee2-c0f5a2c24257,48.780238,9.200890,delivered,2026-03-17T01:22:53.370Z,2026-03-18T08:22:53.370Z
51d2d867-83e8-4f77-a0d9-b9f6ddf62371,50.743129,7.094803,delivered,2026-02-16T06:17:30.259Z,2026-02-17T08:17:30.259Z
5ff7f359-ae01-4e39-a1b4-29a15d8a2dfc,53.094077,8.816591,cancelled,2026-03-02T21:08:01.851Z,2026-03-03T08:08:01.851Z
eb481e8d-8bb9-451d-9c30-9bd901c74632,49.470241,11.088676,pending,2026-04-07T10:52:47.443Z,2026-04-08T03:52:47.443Z
642ca3c4-24ab-4695-b082-415d06e699e4,50.087177,8.661444,cancelled,2026-01-29T05:26:34.721Z,2026-01-31T04:26:34.721Z
b9d9e749-5692-4cfb-9e53-5e7f5bd8e9ac,48.797060,9.202003,in_transit,2026-03-16T08:18:27.544Z,2026-03-18T14:18:27.544Z
f3c2f1ed-b41a-41bd-b422-7e8940d7659b,52.011383,8.549743,in_transit,2026-03-08T01:43:21.983Z,2026-03-09T20:43:21.983Z
8746375e-8d3e-42bd-9ef7-7f015650a467,52.390117,9.720172,delivered,2026-01-25T19:37:48.078Z,2026-01-28T16:37:48.078Z
cd649517-ae6b-40a1-8444-721f06b87725,49.472962,11.051764,in_transit,2026-02-18T18:21:20.428Z,2026-02-21T02:21:20.428Z
07ca23a4-1af4-4e4f-ba81-0e477623f75d,49.463031,8.481377,in_transit,2026-01-11T12:45:40.969Z,2026-01-14T06:45:40.969Z
c4a18f39-3361-42d2-8d45-f5498b140979,51.960432,7.650874,delivered,2026-01-24T00:53:50.777Z,2026-01-26T13:53:50.777Z
953ad380-c02c-48cc-b783-b876c371e060,49.441785,11.052192,cancelled,2026-04-18T02:01:39.890Z,2026-04-18T09:01:39.890Z
76fa0a49-b992-4f4e-b887-ed294559bc8e,48.783404,9.177928,pending,2026-03-03T18:29:58.435Z,2026-03-04T12:29:58.435Z
a066e789-f207-4dd3-879b-1f8c31348385,48.994984,8.398783,pending,2026-03-10T23:14:32.288Z,2026-03-11T23:14:32.288Z
dda3040a-19b9-4649-8fc2-bb66403a19e8,49.028545,8.389223,in_transit,2026-01-01T13:03:40.030Z,2026-01-03T15:03:40.030Z
9d627483-d37b-43e7-8dac-af78b8c5a161,49.473943,11.058589,delivered,2026-04-20T22:52:59.500Z,2026-04-22T05:52:59.500Z
c9aab846-f82a-424d-82e9-9311e855e97b,52.524626,13.384942,pending,2026-01-13T05:34:54.271Z,2026-01-15T09:34:54.271Z
accc85a8-6adc-4685-8cbf-59eb6ac8eb10,50.089666,8.669669,in_transit,2026-04-20T20:58:25.626Z,2026-04-21T06:58:25.626Z
4a134555-1fdf-437d-a308-484c4fb99fe0,50.732593,7.106381,cancelled,2026-02-07T19:07:13.067Z,2026-02-10T08:07:13.067Z
e5ab3fca-e063-490b-917c-946299005b06,51.246248,7.173192,in_transit,2026-02-06T02:25:21.762Z,2026-02-08T06:25:21.762Z
3bf0c318-58c9-4cae-8b84-b2ebb39c2b4f,51.472140,7.017675,delivered,2026-04-29T13:48:26.086Z,2026-04-30T16:48:26.086Z
5d7d7989-43b3-4792-8cdb-4c2e9e4226bc,50.740125,7.090111,cancelled,2026-03-07T22:59:27.510Z,2026-03-08T04:59:27.510Z
5042df06-587c-46e0-8aa1-7a461d80fecc,48.790921,9.191276,cancelled,2026-04-18T08:07:04.786Z,2026-04-20T16:07:04.786Z
c59ddc58-3af1-4e65-ad2e-5b038f696119,50.113199,8.657141,cancelled,2026-01-08T03:53:34.716Z,2026-01-08T18:53:34.716Z
ca4f9aac-81b0-4576-9d33-01a0e269cf1c,51.225654,6.797980,cancelled,2026-04-22T03:08:28.127Z,2026-04-23T21:08:28.127Z
82bd7068-d578-4609-b0ed-0f02cde97d03,51.447464,7.009141,delivered,2026-04-22T19:46:23.281Z,2026-04-25T12:46:23.281Z
8dc1e8d9-1197-483f-8b21-9a1d4f39d02a,51.538411,7.476146,cancelled,2026-03-15T08:40:12.089Z,2026-03-16T22:40:12.089Z
5213c10c-aeee-49c2-94a8-4de6a842d740,50.934242,6.975142,cancelled,2026-01-12T16:28:05.748Z,2026-01-13T18:28:05.748Z
a6e10564-36ef-4599-b566-07a3d9ea2415,53.099711,8.798102,delivered,2026-02-28T20:10:22.467Z,2026-03-03T17:10:22.467Z
6a7cafa8-d982-418d-89ee-fe846a902155,51.276646,7.144098,delivered,2026-03-05T22:41:42.485Z,2026-03-08T15:41:42.485Z
e1915585-805d-40af-935d-69979a574d44,50.718451,7.107307,pending,2026-02-28T18:28:46.628Z,2026-03-03T07:28:46.628Z
72ecafe3-645f-4236-afb0-666afd473fee,51.047498,13.760322,in_transit,2026-04-25T05:38:41.569Z,2026-04-26T19:38:41.569Z
0bca0667-f148-4a35-b6d0-fb681098b0ec,52.357735,9.732768,cancelled,2026-02-05T05:20:07.172Z,2026-02-06T11:20:07.172Z
1501b2ee-a001-4517-8781-1f71d316a7b5,51.452095,7.002989,in_transit,2026-02-18T03:27:33.771Z,2026-02-19T10:27:33.771Z
c3cd6710-f130-4d74-8a54-44c2ed48bd84,48.797252,9.178445,cancelled,2026-03-17T09:11:04.910Z,2026-03-19T13:11:04.910Z
8f01e945-31c0-4bc1-9bd5-9cf239126c91,48.361354,10.912651,delivered,2026-03-25T03:18:20.778Z,2026-03-25T12:18:20.778Z
df830a3b-6712-4521-9b6a-ccddc6d3f65b,51.240411,7.163722,cancelled,2026-04-05T11:30:09.554Z,2026-04-08T03:30:09.554Z
eb52e83c-aa9b-4288-a8f1-e2f4ebd06d66,51.498933,7.208829,delivered,2026-04-20T01:44:26.444Z,2026-04-22T07:44:26.444Z
d4792e9b-346f-4f37-8b13-6b9e57cfedfd,51.279833,7.157114,in_transit,2026-01-31T13:30:00.398Z,2026-02-02T13:30:00.398Z
aaa89314-d92f-41cd-a8cd-5c67d0c2b0ba,49.008434,8.389696,in_transit,2026-03-25T18:55:59.416Z,2026-03-27T07:55:59.416Z
3e0c419b-1739-498f-baa8-e22208c65b6a,50.099989,8.676065,in_transit,2026-04-10T21:11:41.978Z,2026-04-12T09:11:41.978Z
ab3a30ec-8013-420a-84b9-a291558f7ae1,50.069573,8.247003,delivered,2026-04-26T09:54:46.849Z,2026-04-29T06:54:46.849Z
0f19ce4d-3b09-4f16-9946-12f7a29c72b2,53.544965,9.974537,delivered,2026-02-09T09:23:55.927Z,2026-02-12T06:23:55.927Z
b4d560d0-660c-46a1-a38f-874ff4fd7823,51.511570,7.464913,pending,2026-02-15T00:42:38.000Z,2026-02-16T02:42:38.000Z
79e9de00-5142-429e-bdd5-a313efc1e57a,48.136890,11.593098,delivered,2026-03-23T20:58:51.169Z,2026-03-24T02:58:51.169Z
dca98693-0252-43d0-bc03-73a17a69ad3a,51.472963,7.233932,delivered,2026-04-04T10:49:21.448Z,2026-04-05T00:49:21.448Z
35749c86-13cd-4e3e-b6d9-7da416215ee1,51.458609,6.779272,delivered,2026-04-23T01:17:14.832Z,2026-04-24T07:17:14.832Z
03a4ae7d-578e-4f88-ae45-9922b7edac5f,51.445520,7.029311,pending,2026-04-07T12:15:17.473Z,2026-04-10T03:15:17.473Z
f011ad89-cba8-4ef9-b11f-84a1473486ac,51.459869,7.036185,pending,2026-02-12T03:39:47.920Z,2026-02-12T20:39:47.920Z
7b63ecfe-081b-4164-afb5-36b71c845cc6,48.378215,10.882581,cancelled,2026-02-10T00:47:22.904Z,2026-02-10T05:47:22.904Z
a7fac0a7-719d-4a9f-9781-85970a77caef,50.132220,8.700675,pending,2026-04-16T11:28:45.803Z,2026-04-17T02:28:45.803Z
c9b0281e-63d7-439d-a622-c9a10cf17faf,48.124871,11.588073,in_transit,2026-01-11T16:58:14.405Z,2026-01-14T12:58:14.405Z
d6cbb1d8-28d5-4f17-9d31-6f08aa3572fc,48.782603,9.183257,delivered,2026-01-10T14:58:10.852Z,2026-01-10T16:58:10.852Z
d090699f-8ea0-4ced-9c94-60795da7614f,51.430696,6.756681,pending,2026-04-06T23:18:44.606Z,2026-04-09T03:18:44.606Z
f41c8f50-1f5b-4170-a59a-5b2e46215c4e,49.027768,8.415696,pending,2026-01-25T03:25:00.423Z,2026-01-27T19:25:00.423Z
b19ba837-39c4-4db2-887a-442b7c12ad04,48.148474,11.556257,delivered,2026-04-09T14:35:09.205Z,2026-04-11T15:35:09.205Z
55c78416-f1cc-47b8-9d00-0bf992ee3b7c,49.445700,11.062887,in_transit,2026-01-30T00:41:38.634Z,2026-02-01T10:41:38.634Z
97652307-52e6-4d60-9e09-5f7f7a2344e7,53.096778,8.803465,in_transit,2026-02-12T16:19:25.981Z,2026-02-15T02:19:25.981Z
2a183d96-5f95-4511-84b3-3bd80f888d08,48.142135,11.572074,cancelled,2026-03-24T01:46:29.931Z,2026-03-24T18:46:29.931Z
e3ee83a7-14b0-4f6d-96fe-9f89c639fce0,52.534668,13.416490,cancelled,2026-02-12T17:34:18.154Z,2026-02-12T21:34:18.154Z
9ac107fa-d41b-467b-a7bf-5fd41913fae4,51.238198,6.785061,pending,2026-04-16T16:39:27.297Z,2026-04-18T00:39:27.297Z
8b7b1a38-2f0e-4aec-8810-d1163c7b2fcb,51.034797,13.743936,delivered,2026-02-04T15:49:00.598Z,2026-02-05T22:49:00.598Z
9242c33f-9b93-4ecd-8e9e-eac8a3ef264c,51.458932,7.007774,cancelled,2026-03-02T03:38:47.109Z,2026-03-03T01:38:47.109Z
2b0587f0-93f3-456c-92f6-50cb9dbda1e8,51.509830,7.459205,in_transit,2026-03-15T11:31:29.088Z,2026-03-15T12:31:29.088Z
69dd6f9c-3f22-4511-a8c3-8520e5a0fbd8,52.395610,9.730404,pending,2026-03-14T04:58:28.173Z,2026-03-14T21:58:28.173Z
71f40b87-3564-4915-a136-7d240df021ca,51.460719,7.202563,in_transit,2026-01-21T02:37:50.872Z,2026-01-23T21:37:50.872Z
c41812f9-e80a-4b65-b1a3-a1a6017c630e,48.139253,11.578833,in_transit,2026-02-16T22:07:54.117Z,2026-02-17T17:07:54.117Z
3cd66b90-ff1b-4d1c-a438-ea3edaeaa17a,51.502494,7.476615,cancelled,2026-03-16T22:23:16.295Z,2026-03-17T12:23:16.295Z
5c50ce18-6791-4d5b-80ed-3df77b6cbd71,50.775748,6.065277,delivered,2026-03-30T01:56:03.170Z,2026-04-01T05:56:03.170Z
a158e10e-2fae-47be-9a4a-ce156c54283b,48.795900,9.186671,delivered,2026-01-15T02:44:17.546Z,2026-01-17T02:44:17.546Z
81f6be96-3f44-4847-b14c-268d71883d9b,51.317290,12.358789,pending,2026-04-09T01:35:48.113Z,2026-04-10T14:35:48.113Z
1993e246-70ac-4dd9-a5ee-5fa9c9fb2ab5,49.021346,8.414988,pending,2026-02-23T06:38:06.936Z,2026-02-24T01:38:06.936Z
43ed0a9a-b6c1-4a90-aed0-85c9b2d86658,49.000643,8.386455,cancelled,2026-02-28T08:16:48.569Z,2026-03-02T23:16:48.569Z
fc51c7f3-83f0-4477-9589-937837505eff,51.451653,6.764971,pending,2026-01-12T00:36:05.561Z,2026-01-13T03:36:05.561Z
a57ae124-770c-43f5-9e9f-6e2e28108756,51.501189,7.442761,delivered,2026-02-13T05:39:59.226Z,2026-02-16T04:39:59.226Z
8d7481e3-92ad-46bb-902e-a2916f708326,53.539477,9.991473,cancelled,2026-04-14T07:12:21.776Z,2026-04-16T02:12:21.776Z
6d2eea27-9ccf-4bb8-8b50-3806799b333f,51.477289,7.229258,in_transit,2026-03-30T17:53:30.453Z,2026-03-31T04:53:30.453Z
676bb4fa-263d-457d-b9ba-dec14e747da9,50.127727,8.677176,delivered,2026-01-12T22:53:18.726Z,2026-01-15T08:53:18.726Z
332c7099-2050-4c2d-b1fe-47060102b565,50.722985,7.124739,in_transit,2026-03-28T15:59:43.205Z,2026-03-30T20:59:43.205Z
e2107e24-4e26-405e-95d0-7fde71fd2858,52.040918,8.523354,cancelled,2026-03-11T13:25:31.163Z,2026-03-12T23:25:31.163Z
72a8ae08-86f5-4959-9f1b-13dd133c8327,48.783043,9.199206,pending,2026-03-02T14:25:54.599Z,2026-03-03T18:25:54.599Z
f2d413f7-527b-472c-a9cf-efe3b19a9e44,49.496213,8.454018,pending,2026-02-18T05:36:07.473Z,2026-02-20T01:36:07.473Z
89f111dd-1fec-484b-9ef4-321d5c78722c,51.050518,13.759540,in_transit,2026-04-15T16:17:17.040Z,2026-04-16T01:17:17.040Z
75d49643-6fd0-495c-a067-b7aad7f31509,50.096801,8.257745,in_transit,2026-03-05T12:05:38.492Z,2026-03-05T17:05:38.492Z
868a3604-3fdc-4fa6-a833-c73868b3176a,51.258475,7.169641,cancelled,2026-01-05T09:13:59.798Z,2026-01-05T21:13:59.798Z
c5112a6c-2432-4993-afd8-c71ca6a816b8,49.006884,8.400568,in_transit,2026-03-09T09:54:02.184Z,2026-03-10T19:54:02.184Z
fd4f783e-4ecf-4582-8ed2-ce7e594d1f3f,51.471827,7.198951,in_transit,2026-03-25T13:07:33.514Z,2026-03-25T14:07:33.514Z
38097124-87e5-4062-9aef-6003cc95adc3,52.378011,9.756238,in_transit,2026-04-10T08:39:09.108Z,2026-04-11T07:39:09.108Z
88396523-ecef-427a-83ea-5f57e2f3026d,50.712974,7.117460,delivered,2026-01-22T02:20:44.034Z,2026-01-22T04:20:44.034Z
d4b9fc9e-4125-454b-a2b1-cdd24819670b,53.096684,8.792085,pending,2026-01-13T05:36:24.032Z,2026-01-14T19:36:24.032Z
5fdf20ac-f423-4749-9658-444ce16e863e,51.277660,7.156926,delivered,2026-01-06T05:56:29.158Z,2026-01-08T07:56:29.158Z